#{"t_start": 1723801047.7182493, "env_id": "SuperMarioBros-1-2-v0"}
r,l,t
-165.0,8020,114.037895
-165.0,8020,210.708747
